{
  "token_acc":null,
  "token_p":null,
  "token_r":null,
  "token_f":null,
  "ents_p":0.9493155,
  "ents_r":0.9457121193,
  "ents_f":0.9475103837,
  "ents_per_type":{
    "O":{
      "p":0.9676046094,
      "r":0.9624126019,
      "f":0.9650016221
    },
    "AC":{
      "p":0.8195947418,
      "r":0.859656696,
      "f":0.8391478392
    },
    "LF":{
      "p":0.7024050744,
      "r":0.6666109276,
      "f":0.6840400661
    }
  },
  "speed":10784.1450984747
}