{
  "token_acc":null,
  "token_p":null,
  "token_r":null,
  "token_f":null,
  "ents_p":0.9483284642,
  "ents_r":0.9382832367,
  "ents_f":0.9432791076,
  "ents_per_type":{
    "O":{
      "p":0.9668472733,
      "r":0.9644547064,
      "f":0.9656495078
    },
    "LF":{
      "p":0.7026422764,
      "r":0.6028950122,
      "f":0.6489581378
    },
    "AC":{
      "p":0.8649666763,
      "r":0.8520051377,
      "f":0.8584369832
    }
  },
  "speed":11751.2164206427
}