{
  "token_acc":null,
  "token_p":null,
  "token_r":null,
  "token_f":null,
  "ents_p":0.9482523089,
  "ents_r":0.941147589,
  "ents_f":0.944686591,
  "ents_per_type":{
    "O":{
      "p":0.9637701925,
      "r":0.9598076661,
      "f":0.9617848479
    },
    "AC":{
      "p":0.8364722691,
      "r":0.8176324209,
      "f":0.8269450544
    },
    "LF":{
      "p":0.7234930032,
      "r":0.674344718,
      "f":0.6980548283
    }
  },
  "speed":3136.4184390923
}