{
  "token_acc":null,
  "token_p":null,
  "token_r":null,
  "token_f":null,
  "ents_p":0.9561069795,
  "ents_r":0.9524448015,
  "ents_f":0.954272377,
  "ents_per_type":{
    "O":{
      "p":0.9732618173,
      "r":0.964917986,
      "f":0.9690719416
    },
    "AC":{
      "p":0.8277836691,
      "r":0.8919557158,
      "f":0.858672403
    },
    "LF":{
      "p":0.7514903764,
      "r":0.7377617993,
      "f":0.7445628098
    }
  },
  "speed":14528.5030349425
}