{
  "token_acc":null,
  "token_p":null,
  "token_r":null,
  "token_f":null,
  "ents_p":0.9603229251,
  "ents_r":0.9507240937,
  "ents_f":0.9554994028,
  "ents_per_type":{
    "O":{
      "p":0.979515983,
      "r":0.9606521963,
      "f":0.9699923856
    },
    "AC":{
      "p":0.8299354718,
      "r":0.9013762633,
      "f":0.8641819023
    },
    "LF":{
      "p":0.7339586358,
      "r":0.7818235024,
      "f":0.7571353387
    }
  },
  "speed":12301.684601857
}