{
  "token_acc":null,
  "token_p":null,
  "token_r":null,
  "token_f":null,
  "ents_p":0.9586011601,
  "ents_r":0.9453953048,
  "ents_f":0.9519524355,
  "ents_per_type":{
    "O":{
      "p":0.9798114831,
      "r":0.9558421907,
      "f":0.9676784305
    },
    "AC":{
      "p":0.8219409679,
      "r":0.8888324615,
      "f":0.8540789811
    },
    "LF":{
      "p":0.705573521,
      "r":0.7753020359,
      "f":0.7387961598
    }
  },
  "speed":3212.3501196083
}