{
  "token_acc":null,
  "token_p":null,
  "token_r":null,
  "token_f":null,
  "ents_p":0.9631875853,
  "ents_r":0.9457346416,
  "ents_f":0.9543813289,
  "ents_per_type":{
    "O":{
      "p":0.9827897498,
      "r":0.9537350133,
      "f":0.9680444195
    },
    "AC":{
      "p":0.8261660872,
      "r":0.8990655629,
      "f":0.8610756454
    },
    "LF":{
      "p":0.7496946099,
      "r":0.8209941056,
      "f":0.783726081
    }
  },
  "speed":3224.6516192283
}