{
  "token_acc":null,
  "token_p":null,
  "token_r":null,
  "token_f":null,
  "ents_p":0.9494194763,
  "ents_r":0.9451670783,
  "ents_f":0.947288505,
  "ents_per_type":{
    "O":{
      "p":0.9704003007,
      "r":0.9595322398,
      "f":0.9649356695
    },
    "AC":{
      "p":0.803300767,
      "r":0.8935808237,
      "f":0.8460391874
    },
    "LF":{
      "p":0.6870862351,
      "r":0.6681576857,
      "f":0.6774897739
    }
  },
  "speed":22474.0539606559
}