{
  "token_acc":null,
  "token_p":null,
  "token_r":null,
  "token_f":null,
  "ents_p":0.9467943627,
  "ents_r":0.9377526939,
  "ents_f":0.9422518382,
  "ents_per_type":{
    "O":{
      "p":0.9654407726,
      "r":0.9646410785,
      "f":0.9650407599
    },
    "LF":{
      "p":0.7009783071,
      "r":0.5748168818,
      "f":0.6316596397
    },
    "AC":{
      "p":0.8558303887,
      "r":0.8641358641,
      "f":0.8599630734
    }
  },
  "speed":18805.2170449383
}