{
  "token_acc":null,
  "token_p":null,
  "token_r":null,
  "token_f":null,
  "ents_p":0.9496013351,
  "ents_r":0.9369019959,
  "ents_f":0.9432089215,
  "ents_per_type":{
    "O":{
      "p":0.9690775462,
      "r":0.9611207173,
      "f":0.9650827316
    },
    "LF":{
      "p":0.6972962753,
      "r":0.6431810255,
      "f":0.6691463304
    },
    "AC":{
      "p":0.8712958868,
      "r":0.843442272,
      "f":0.8571428571
    }
  },
  "speed":3170.9024931439
}