{
  "token_acc":null,
  "token_p":null,
  "token_r":null,
  "token_f":null,
  "ents_p":0.9410287312,
  "ents_r":0.9356488173,
  "ents_f":0.9383310629,
  "ents_per_type":{
    "O":{
      "p":0.9582299251,
      "r":0.9674470134,
      "f":0.9628164109
    },
    "LF":{
      "p":0.6978105354,
      "r":0.5613882107,
      "f":0.622209336
    },
    "AC":{
      "p":0.8565561302,
      "r":0.8036249465,
      "f":0.8292467418
    }
  },
  "speed":9664.7093412353
}