{
  "token_acc":null,
  "token_p":null,
  "token_r":null,
  "token_f":null,
  "ents_p":0.9338268426,
  "ents_r":0.9288981175,
  "ents_f":0.9313559594,
  "ents_per_type":{
    "O":{
      "p":0.949394424,
      "r":0.9650241766,
      "f":0.9571454979
    },
    "LF":{
      "p":0.6980578139,
      "r":0.539065225,
      "f":0.608344814
    },
    "AC":{
      "p":0.8550276603,
      "r":0.7499643214,
      "f":0.7990572493
    }
  },
  "speed":3120.2334503663
}