{
  "token_acc":null,
  "token_p":null,
  "token_r":null,
  "token_f":null,
  "ents_p":0.9515434281,
  "ents_r":0.947704945,
  "ents_f":0.9496203077,
  "ents_per_type":{
    "O":{
      "p":0.9658992806,
      "r":0.9730899452,
      "f":0.9694812798
    },
    "LF":{
      "p":0.7577027877,
      "r":0.6304499477,
      "f":0.6882436935
    },
    "AC":{
      "p":0.8822320117,
      "r":0.857428286,
      "f":0.8696533256
    }
  },
  "speed":12516.3760869736
}