{
  "token_acc":null,
  "token_p":null,
  "token_r":null,
  "token_f":null,
  "ents_p":0.9536970964,
  "ents_r":0.9451625739,
  "ents_f":0.9494106557,
  "ents_per_type":{
    "O":{
      "p":0.9752115684,
      "r":0.9577154216,
      "f":0.9663843106
    },
    "AC":{
      "p":0.8098645011,
      "r":0.8939109238,
      "f":0.8498147276
    },
    "LF":{
      "p":0.691132985,
      "r":0.7132644956,
      "f":0.7020243581
    }
  },
  "speed":13297.2771711735
}