{
  "token_acc":null,
  "token_p":null,
  "token_r":null,
  "token_f":null,
  "ents_p":0.9558561402,
  "ents_r":0.9418140905,
  "ents_f":0.9487831624,
  "ents_per_type":{
    "O":{
      "p":0.9735789804,
      "r":0.9629844379,
      "f":0.9682527289
    },
    "LF":{
      "p":0.7428571429,
      "r":0.684687827,
      "f":0.7125873491
    },
    "AC":{
      "p":0.8736415012,
      "r":0.860425289,
      "f":0.8669830313
    }
  },
  "speed":3229.0270068153
}