{
  "token_acc":null,
  "token_p":null,
  "token_r":null,
  "token_f":null,
  "ents_p":0.9535362868,
  "ents_r":0.9440551765,
  "ents_f":0.9487720459,
  "ents_per_type":{
    "O":{
      "p":0.9715436996,
      "r":0.966121701,
      "f":0.9688251143
    },
    "LF":{
      "p":0.7259833585,
      "r":0.6695151727,
      "f":0.6966067864
    },
    "AC":{
      "p":0.8773352643,
      "r":0.8645640074,
      "f":0.8709028177
    }
  },
  "speed":10201.6073840632
}