{
  "token_acc":null,
  "token_p":null,
  "token_r":null,
  "token_f":null,
  "ents_p":0.9584531678,
  "ents_r":0.9482211095,
  "ents_f":0.9533096837,
  "ents_per_type":{
    "O":{
      "p":0.9752255024,
      "r":0.9599005811,
      "f":0.9675023601
    },
    "AC":{
      "p":0.8398763076,
      "r":0.8827636992,
      "f":0.8607861343
    },
    "LF":{
      "p":0.7507313255,
      "r":0.7617156473,
      "f":0.7561835989
    }
  },
  "speed":14302.1250281262
}