{
  "token_acc":null,
  "token_p":null,
  "token_r":null,
  "token_f":null,
  "ents_p":0.9620482038,
  "ents_r":0.9491039857,
  "ents_f":0.9555322592,
  "ents_per_type":{
    "O":{
      "p":0.9791269644,
      "r":0.9590295038,
      "f":0.9689740351
    },
    "AC":{
      "p":0.8381762343,
      "r":0.9009192017,
      "f":0.8684158997
    },
    "LF":{
      "p":0.7636057909,
      "r":0.7783537478,
      "f":0.7709092415
    }
  },
  "speed":3240.0765601598
}