{
  "token_acc":null,
  "token_p":null,
  "token_r":null,
  "token_f":null,
  "ents_p":0.960419411,
  "ents_r":0.9524087657,
  "ents_f":0.9563973146,
  "ents_per_type":{
    "O":{
      "p":0.9762485787,
      "r":0.9644484339,
      "f":0.9703126317
    },
    "AC":{
      "p":0.8537806834,
      "r":0.8787771063,
      "f":0.8660985773
    },
    "LF":{
      "p":0.7521430321,
      "r":0.7702855232,
      "f":0.7611061773
    }
  },
  "speed":12347.6344269088
}