{
  "token_acc":null,
  "token_p":null,
  "token_r":null,
  "token_f":null,
  "ents_p":0.941837281,
  "ents_r":0.9333254057,
  "ents_f":0.9375620245,
  "ents_per_type":{
    "O":{
      "p":0.9587328397,
      "r":0.9638748822,
      "f":0.9612969847
    },
    "LF":{
      "p":0.7054116656,
      "r":0.5842343913,
      "f":0.63913002
    },
    "AC":{
      "p":0.8620104841,
      "r":0.7979163693,
      "f":0.8287260061
    }
  },
  "speed":11655.8993423253
}