{
  "token_acc":null,
  "token_p":null,
  "token_r":null,
  "token_f":null,
  "ents_p":0.9495141111,
  "ents_r":0.9431926187,
  "ents_f":0.9463428082,
  "ents_per_type":{
    "O":{
      "p":0.9650944481,
      "r":0.9612113449,
      "f":0.9631489827
    },
    "AC":{
      "p":0.8415907462,
      "r":0.8350515464,
      "f":0.8383083943
    },
    "LF":{
      "p":0.7183814925,
      "r":0.6672379917,
      "f":0.6918658835
    }
  },
  "speed":3127.071055291
}