{
  "token_acc":null,
  "token_p":null,
  "token_r":null,
  "token_f":null,
  "ents_p":0.9486971435,
  "ents_r":0.9411646329,
  "ents_f":0.9449158769,
  "ents_per_type":{
    "O":{
      "p":0.9644199397,
      "r":0.9671260393,
      "f":0.9657710939
    },
    "LF":{
      "p":0.740132238,
      "r":0.6442274154,
      "f":0.6888578089
    },
    "AC":{
      "p":0.8758130389,
      "r":0.8263165406,
      "f":0.8503451314
    }
  },
  "speed":10150.2862961426
}