{
  "token_acc":null,
  "token_p":null,
  "token_r":null,
  "token_f":null,
  "ents_p":0.9421728758,
  "ents_r":0.9392254075,
  "ents_f":0.9406968328,
  "ents_per_type":{
    "O":{
      "p":0.957482941,
      "r":0.9690622379,
      "f":0.9632377914
    },
    "LF":{
      "p":0.733319167,
      "r":0.6018486223,
      "f":0.6611111111
    },
    "AC":{
      "p":0.8634482759,
      "r":0.8040530898,
      "f":0.8326928761
    }
  },
  "speed":1873.5135615126
}