{
  "token_acc":null,
  "token_p":null,
  "token_r":null,
  "token_f":null,
  "ents_p":0.9509731863,
  "ents_r":0.9441550739,
  "ents_f":0.9475518653,
  "ents_per_type":{
    "O":{
      "p":0.9701925012,
      "r":0.9599835408,
      "f":0.9650610227
    },
    "AC":{
      "p":0.8274189245,
      "r":0.8661825199,
      "f":0.8463571065
    },
    "LF":{
      "p":0.6816393859,
      "r":0.6737176539,
      "f":0.6776553696
    }
  },
  "speed":22676.6692744708
}