{
  "token_acc":null,
  "token_p":null,
  "token_r":null,
  "token_f":null,
  "ents_p":0.9541380873,
  "ents_r":0.9455394479,
  "ents_f":0.9498193073,
  "ents_per_type":{
    "O":{
      "p":0.9709822139,
      "r":0.9613175334,
      "f":0.966125704
    },
    "AC":{
      "p":0.8407001858,
      "r":0.8500076177,
      "f":0.8453282828
    },
    "LF":{
      "p":0.7184652074,
      "r":0.7052798796,
      "f":0.7118114887
    }
  },
  "speed":13342.6730419712
}