{
  "token_acc":null,
  "token_p":null,
  "token_r":null,
  "token_f":null,
  "ents_p":0.9340215275,
  "ents_r":0.9302793582,
  "ents_f":0.9321466871,
  "ents_per_type":{
    "O":{
      "p":0.9492654161,
      "r":0.9667015251,
      "f":0.9579041326
    },
    "LF":{
      "p":0.6990825688,
      "r":0.531566097,
      "f":0.6039231226
    },
    "AC":{
      "p":0.8570270708,
      "r":0.7545311831,
      "f":0.8025197328
    }
  },
  "speed":3054.2774768257
}