{
  "token_acc":null,
  "token_p":null,
  "token_r":null,
  "token_f":null,
  "ents_p":0.9440214614,
  "ents_r":0.943135562,
  "ents_f":0.9435783038,
  "ents_per_type":{
    "O":{
      "p":0.9587774458,
      "r":0.9631028269,
      "f":0.960935269
    },
    "AC":{
      "p":0.8343040411,
      "r":0.8256817836,
      "f":0.8299705195
    },
    "LF":{
      "p":0.7220739611,
      "r":0.6334183354,
      "f":0.674846899
    }
  },
  "speed":10803.4322465269
}