{
  "token_acc":null,
  "token_p":null,
  "token_r":null,
  "token_f":null,
  "ents_p":0.9545528544,
  "ents_r":0.9508306995,
  "ents_f":0.9526881413,
  "ents_per_type":{
    "O":{
      "p":0.9706882286,
      "r":0.9654539059,
      "f":0.9680639918
    },
    "AC":{
      "p":0.8400362718,
      "r":0.870346859,
      "f":0.8549229906
    },
    "LF":{
      "p":0.7386083877,
      "r":0.7148948623,
      "f":0.726558185
    }
  },
  "speed":2413.6156144195
}