{
  "token_acc":null,
  "token_p":null,
  "token_r":null,
  "token_f":null,
  "ents_p":0.9497686654,
  "ents_r":0.9445125409,
  "ents_f":0.947133311,
  "ents_per_type":{
    "O":{
      "p":0.9637235966,
      "r":0.9712572866,
      "f":0.9674757757
    },
    "LF":{
      "p":0.7886848216,
      "r":0.6515521451,
      "f":0.713589915
    },
    "AC":{
      "p":0.8601745936,
      "r":0.8156129585,
      "f":0.8373012966
    }
  },
  "speed":3136.0986461292
}