{
  "token_acc":null,
  "token_p":null,
  "token_r":null,
  "token_f":null,
  "ents_p":0.9290853408,
  "ents_r":0.9296207534,
  "ents_f":0.92935297,
  "ents_per_type":{
    "O":{
      "p":0.9443820963,
      "r":0.9671260393,
      "f":0.9556187592
    },
    "LF":{
      "p":0.6879131256,
      "r":0.5081967213,
      "f":0.584553661
    },
    "AC":{
      "p":0.8503684716,
      "r":0.7575281861,
      "f":0.8012680202
    }
  },
  "speed":9531.2935731741
}