{
  "token_acc":null,
  "token_p":null,
  "token_r":null,
  "token_f":null,
  "ents_p":0.9424427764,
  "ents_r":0.9302702109,
  "ents_f":0.936316933,
  "ents_per_type":{
    "O":{
      "p":0.9632173859,
      "r":0.9582008884,
      "f":0.9607025885
    },
    "LF":{
      "p":0.6680842446,
      "r":0.5753400767,
      "f":0.6182533733
    },
    "AC":{
      "p":0.8494342907,
      "r":0.8357356929,
      "f":0.8425293144
    }
  },
  "speed":19204.6062182863
}