{
  "token_acc":null,
  "token_p":null,
  "token_r":null,
  "token_f":null,
  "ents_p":0.9494684764,
  "ents_r":0.9444485099,
  "ents_f":0.9469518403,
  "ents_per_type":{
    "O":{
      "p":0.9649516592,
      "r":0.9703668423,
      "f":0.9676516747
    },
    "LF":{
      "p":0.7432806324,
      "r":0.6559121032,
      "f":0.6968686307
    },
    "AC":{
      "p":0.8792866941,
      "r":0.8233195376,
      "f":0.8503832547
    }
  },
  "speed":12635.6682459178
}